xArr2,yArr2,zArr2
-3,-3,10.48259673
-3,-2.9,9.761659656
-3,-2.8,10.16428333
-3,-2.7,9.9435311
-3,-2.6,9.722872504
-3,-2.5,8.532805902
-3,-2.4,8.564563926
-3,-2.3,8.332074395
-3,-2.2,7.633200254
-3,-2.1,8.252158759
-3,-2,7.961342563
-3,-1.9,7.220362948
-3,-1.8,6.650378512
-3,-1.7,6.440029232
-3,-1.6,6.352489476
-3,-1.5,6.092985989
-3,-1.4,5.44029529
-3,-1.3,5.050544348
-3,-1.2,5.594176584
-3,-1.1,4.627392852
-3,-1,4.179043218
-3,-0.9,4.019912603
-3,-0.8,4.086120415
-3,-0.7,3.101980176
-3,-0.6,2.976978004
-3,-0.5,2.753568185
-3,-0.4,2.868929154
-3,-0.3,2.728733471
-3,-0.2,2.437939594
-3,-0.1,1.841970568
-3,0,1.847262906
-3,0.1,1.564045877
-3,0.2,0.862558266
-3,0.3,0.581881229
-3,0.4,0.280792683
-3,0.5,0.252000132
-3,0.6,-0.455363209
-3,0.7,-0.974196697
-3,0.8,-0.935546599
-3,0.9,-1.452522321
-3,1,-1.072162665
-2.9,-3,10.37718863
-2.9,-2.9,9.651029737
-2.9,-2.8,9.676340881
-2.9,-2.7,9.124092206
-2.9,-2.6,8.533071785
-2.9,-2.5,8.730765597
-2.9,-2.4,8.803024972
-2.9,-2.3,8.55686822
-2.9,-2.2,8.271247386
-2.9,-2.1,7.72884924
-2.9,-2,7.294048837
-2.9,-1.9,7.318611048
-2.9,-1.8,6.34262113
-2.9,-1.7,6.280026595
-2.9,-1.6,6.3632641
-2.9,-1.5,6.271193617
-2.9,-1.4,5.593935367
-2.9,-1.3,4.910311329
-2.9,-1.2,4.43665095
-2.9,-1.1,5.104608211
-2.9,-1,4.356967604
-2.9,-0.9,3.731074607
-2.9,-0.8,3.480258949
-2.9,-0.7,3.936803585
-2.9,-0.6,3.334334652
-2.9,-0.5,3.388619166
-2.9,-0.4,2.877173544
-2.9,-0.3,2.756502981
-2.9,-0.2,2.241893014
-2.9,-0.1,1.768763113
-2.9,0,1.142379403
-2.9,0.1,0.878962803
-2.9,0.2,0.573952375
-2.9,0.3,0.191514398
-2.9,0.4,-0.157072297
-2.9,0.5,0.3337818
-2.9,0.6,-0.505451438
-2.9,0.7,-0.929271481
-2.9,0.8,-1.366229487
-2.9,0.9,-0.96722018
-2.9,1,-1.050391856
-2.8,-3,9.447988158
-2.8,-2.9,9.221078278
-2.8,-2.8,9.371081987
-2.8,-2.7,8.886407034
-2.8,-2.6,9.153753203
-2.8,-2.5,7.973567877
-2.8,-2.4,8.582151403
-2.8,-2.3,7.350456722
-2.8,-2.2,7.295068538
-2.8,-2.1,7.247533147
-2.8,-2,6.863167699
-2.8,-1.9,6.62273429
-2.8,-1.8,6.815730679
-2.8,-1.7,5.958430461
-2.8,-1.6,6.25518242
-2.8,-1.5,5.343903027
-2.8,-1.4,4.971139908
-2.8,-1.3,5.093251894
-2.8,-1.2,5.20612364
-2.8,-1.1,4.963097912
-2.8,-1,4.478372596
-2.8,-0.9,3.45081638
-2.8,-0.8,3.410886281
-2.8,-0.7,3.7064336
-2.8,-0.6,2.948763602
-2.8,-0.5,2.837264829
-2.8,-0.4,2.775463527
-2.8,-0.3,2.025495757
-2.8,-0.2,2.312698824
-2.8,-0.1,1.943402665
-2.8,0,1.257752818
-2.8,0.1,1.151123554
-2.8,0.2,1.205209418
-2.8,0.3,0.42960051
-2.8,0.4,0.406561745
-2.8,0.5,0.206699343
-2.8,0.6,-0.170260927
-2.8,0.7,-1.015720571
-2.8,0.8,-0.353569798
-2.8,0.9,-0.730545165
-2.8,1,-1.672282735
-2.7,-3,9.74233015
-2.7,-2.9,8.78433851
-2.7,-2.8,8.887014408
-2.7,-2.7,8.785790365
-2.7,-2.6,8.061209657
-2.7,-2.5,8.485196204
-2.7,-2.4,7.451728329
-2.7,-2.3,7.902327453
-2.7,-2.2,7.73618566
-2.7,-2.1,6.93319636
-2.7,-2,6.800324012
-2.7,-1.9,6.099495097
-2.7,-1.8,5.870666111
-2.7,-1.7,5.811543632
-2.7,-1.6,6.123112658
-2.7,-1.5,4.945563548
-2.7,-1.4,5.314485793
-2.7,-1.3,4.704354395
-2.7,-1.2,5.019942634
-2.7,-1.1,4.146412672
-2.7,-1,4.074065276
-2.7,-0.9,4.063242439
-2.7,-0.8,3.538055425
-2.7,-0.7,3.702440563
-2.7,-0.6,2.904385317
-2.7,-0.5,3.020397744
-2.7,-0.4,2.789517978
-2.7,-0.3,2.057216219
-2.7,-0.2,2.126142536
-2.7,-0.1,1.869782781
-2.7,0,1.659559188
-2.7,0.1,0.727091591
-2.7,0.2,1.246647843
-2.7,0.3,0.306405356
-2.7,0.4,0.499211421
-2.7,0.5,0.338080034
-2.7,0.6,-0.09310188
-2.7,0.7,-0.172240986
-2.7,0.8,-0.514471069
-2.7,0.9,-1.223681528
-2.7,1,-1.222220237
-2.6,-3,9.401764297
-2.6,-2.9,9.309696089
-2.6,-2.8,8.906296027
-2.6,-2.7,8.375218076
-2.6,-2.6,8.394890243
-2.6,-2.5,7.612441399
-2.6,-2.4,7.842783817
-2.6,-2.3,6.951181507
-2.6,-2.2,7.324534323
-2.6,-2.1,7.186993757
-2.6,-2,6.729857557
-2.6,-1.9,5.830967126
-2.6,-1.8,6.005663623
-2.6,-1.7,5.998782104
-2.6,-1.6,5.776826334
-2.6,-1.5,5.144422414
-2.6,-1.4,5.372153818
-2.6,-1.3,5.00682793
-2.6,-1.2,4.677528939
-2.6,-1.1,4.080755022
-2.6,-1,4.204689832
-2.6,-0.9,3.354748737
-2.6,-0.8,3.077887169
-2.6,-0.7,3.343835013
-2.6,-0.6,2.961119483
-2.6,-0.5,2.843388477
-2.6,-0.4,2.204703723
-2.6,-0.3,2.350537328
-2.6,-0.2,1.460579835
-2.6,-0.1,1.417023721
-2.6,0,1.341732683
-2.6,0.1,1.207431985
-2.6,0.2,0.737497689
-2.6,0.3,1.010013205
-2.6,0.4,0.395267566
-2.6,0.5,0.379165045
-2.6,0.6,-0.733248187
-2.6,0.7,-0.751331479
-2.6,0.8,-0.422128004
-2.6,0.9,-1.237577336
-2.6,1,-1.517537853
-2.5,-3,8.754070471
-2.5,-2.9,8.366044226
-2.5,-2.8,8.295324703
-2.5,-2.7,7.840814255
-2.5,-2.6,8.022761276
-2.5,-2.5,7.053954757
-2.5,-2.4,7.038704613
-2.5,-2.3,7.356728607
-2.5,-2.2,7.009429337
-2.5,-2.1,6.619023343
-2.5,-2,6.707832301
-2.5,-1.9,6.044652847
-2.5,-1.8,5.268644678
-2.5,-1.7,5.1799053
-2.5,-1.6,5.359754525
-2.5,-1.5,4.796418045
-2.5,-1.4,4.665046937
-2.5,-1.3,4.105827061
-2.5,-1.2,4.397748097
-2.5,-1.1,3.984254739
-2.5,-1,3.557985841
-2.5,-0.9,3.689098392
-2.5,-0.8,3.255854314
-2.5,-0.7,3.166515798
-2.5,-0.6,3.037728775
-2.5,-0.5,2.814062668
-2.5,-0.4,2.582195952
-2.5,-0.3,2.18416586
-2.5,-0.2,1.727228128
-2.5,-0.1,1.233318509
-2.5,0,0.83639562
-2.5,0.1,1.341126964
-2.5,0.2,0.793740452
-2.5,0.3,0.681403728
-2.5,0.4,0.322853145
-2.5,0.5,-0.213419857
-2.5,0.6,0.161902868
-2.5,0.7,-0.271990575
-2.5,0.8,-0.307403579
-2.5,0.9,-0.741206563
-2.5,1,-1.403525725
-2.4,-3,8.299872186
-2.4,-2.9,8.522806261
-2.4,-2.8,7.80902838
-2.4,-2.7,8.163440185
-2.4,-2.6,7.163950696
-2.4,-2.5,7.358741796
-2.4,-2.4,6.67397753
-2.4,-2.3,6.496274299
-2.4,-2.2,6.916343833
-2.4,-2.1,6.440999212
-2.4,-2,6.437785757
-2.4,-1.9,6.21958756
-2.4,-1.8,5.253839824
-2.4,-1.7,5.649973039
-2.4,-1.6,5.044612057
-2.4,-1.5,5.09078222
-2.4,-1.4,4.112084256
-2.4,-1.3,4.293277332
-2.4,-1.2,4.224082919
-2.4,-1.1,3.714462391
-2.4,-1,3.361581635
-2.4,-0.9,3.01488518
-2.4,-0.8,2.677178417
-2.4,-0.7,3.159949937
-2.4,-0.6,2.431678307
-2.4,-0.5,2.644506368
-2.4,-0.4,2.37181141
-2.4,-0.3,1.841957863
-2.4,-0.2,1.769472568
-2.4,-0.1,1.177690774
-2.4,0,1.242489368
-2.4,0.1,1.091699575
-2.4,0.2,0.966564016
-2.4,0.3,0.443776065
-2.4,0.4,0.034947203
-2.4,0.5,-0.160915471
-2.4,0.6,-0.624718616
-2.4,0.7,-0.333357611
-2.4,0.8,-0.542234166
-2.4,0.9,-1.427505687
-2.4,1,-1.284853056
-2.3,-3,8.443542085
-2.3,-2.9,7.93713152
-2.3,-2.8,7.78595391
-2.3,-2.7,7.482459685
-2.3,-2.6,6.652871006
-2.3,-2.5,6.642450093
-2.3,-2.4,7.009022611
-2.3,-2.3,6.931098366
-2.3,-2.2,6.425508768
-2.3,-2.1,5.774118709
-2.3,-2,5.298643136
-2.3,-1.9,5.603751337
-2.3,-1.8,5.634035502
-2.3,-1.7,5.488026789
-2.3,-1.6,4.90900187
-2.3,-1.5,5.02561465
-2.3,-1.4,4.79946384
-2.3,-1.3,3.955046867
-2.3,-1.2,3.802249064
-2.3,-1.1,4.151616575
-2.3,-1,3.486964148
-2.3,-0.9,3.178689614
-2.3,-0.8,3.408128918
-2.3,-0.7,2.849141094
-2.3,-0.6,2.456070281
-2.3,-0.5,2.526561776
-2.3,-0.4,2.187241762
-2.3,-0.3,1.75371883
-2.3,-0.2,1.731029882
-2.3,-0.1,1.221837429
-2.3,0,1.409034335
-2.3,0.1,1.099653881
-2.3,0.2,0.430480899
-2.3,0.3,0.419574555
-2.3,0.4,0.186126663
-2.3,0.5,0.030266466
-2.3,0.6,-0.59182236
-2.3,0.7,-0.685043924
-2.3,0.8,-0.729519808
-2.3,0.9,-1.128046582
-2.3,1,-1.420161885
-2.2,-3,7.609928932
-2.2,-2.9,7.017786382
-2.2,-2.8,6.996814297
-2.2,-2.7,7.506935227
-2.2,-2.6,6.42872868
-2.2,-2.5,6.479428341
-2.2,-2.4,6.448650106
-2.2,-2.3,6.576491416
-2.2,-2.2,5.458589204
-2.2,-2.1,5.511859951
-2.2,-2,5.056159533
-2.2,-1.9,5.16865612
-2.2,-1.8,4.822779596
-2.2,-1.7,4.683742868
-2.2,-1.6,4.453068318
-2.2,-1.5,4.236124496
-2.2,-1.4,3.76558217
-2.2,-1.3,4.26601888
-2.2,-1.2,4.026515664
-2.2,-1.1,3.099360336
-2.2,-1,3.449302618
-2.2,-0.9,3.211812576
-2.2,-0.8,2.795729614
-2.2,-0.7,2.797425408
-2.2,-0.6,2.829082432
-2.2,-0.5,2.502587183
-2.2,-0.4,2.063378654
-2.2,-0.3,1.583973845
-2.2,-0.2,1.077890992
-2.2,-0.1,1.715709879
-2.2,0,0.727688635
-2.2,0.1,1.05807913
-2.2,0.2,0.60704949
-2.2,0.3,0.656242943
-2.2,0.4,0.13638596
-2.2,0.5,0.155336284
-2.2,0.6,-0.711015552
-2.2,0.7,-0.230760631
-2.2,0.8,-1.087602472
-2.2,0.9,-0.488088117
-2.2,1,-1.057436477
-2.1,-3,7.667500575
-2.1,-2.9,6.954866411
-2.1,-2.8,7.374005837
-2.1,-2.7,6.781211965
-2.1,-2.6,6.424778232
-2.1,-2.5,6.363286581
-2.1,-2.4,6.588447426
-2.1,-2.3,6.251374574
-2.1,-2.2,5.775920301
-2.1,-2.1,4.981815595
-2.1,-2,5.714407139
-2.1,-1.9,5.50653236
-2.1,-1.8,5.254044496
-2.1,-1.7,4.438034642
-2.1,-1.6,4.529887581
-2.1,-1.5,3.940467989
-2.1,-1.4,4.190529482
-2.1,-1.3,4.138183168
-2.1,-1.2,3.586838277
-2.1,-1.1,3.500423005
-2.1,-1,3.341046601
-2.1,-0.9,2.847800595
-2.1,-0.8,2.895032947
-2.1,-0.7,2.327610753
-2.1,-0.6,2.43051521
-2.1,-0.5,2.570050019
-2.1,-0.4,1.792413018
-2.1,-0.3,1.535887181
-2.1,-0.2,1.806889894
-2.1,-0.1,1.386518144
-2.1,0,1.062042942
-2.1,0.1,0.354483488
-2.1,0.2,0.58391183
-2.1,0.3,0.082655595
-2.1,0.4,-0.267410174
-2.1,0.5,-0.242559657
-2.1,0.6,0.134413811
-2.1,0.7,-0.465889632
-2.1,0.8,-1.099516558
-2.1,0.9,-0.410893395
-2.1,1,-1.084597292
-2,-3,6.962507923
-2,-2.9,7.283962639
-2,-2.8,6.309410359
-2,-2.7,6.591989606
-2,-2.6,6.118006863
-2,-2.5,5.829503935
-2,-2.4,5.765772169
-2,-2.3,5.526159843
-2,-2.2,5.67124699
-2,-2.1,5.13891872
-2,-2,4.769478972
-2,-1.9,4.792039781
-2,-1.8,4.980385145
-2,-1.7,4.189756705
-2,-1.6,3.735794164
-2,-1.5,3.629743437
-2,-1.4,3.382279997
-2,-1.3,3.248276942
-2,-1.2,2.907838443
-2,-1.1,3.638881434
-2,-1,2.985836064
-2,-0.9,2.880145693
-2,-0.8,2.39581427
-2,-0.7,2.817043465
-2,-0.6,2.18292
-2,-0.5,1.789610172
-2,-0.4,1.986919283
-2,-0.3,1.815844702
-2,-0.2,1.884733673
-2,-0.1,1.503409186
-2,0,1.378782656
-2,0.1,1.055861595
-2,0.2,0.187211587
-2,0.3,0.574612703
-2,0.4,-0.112027167
-2,0.5,0.289320005
-2,0.6,-0.004960507
-2,0.7,-0.052041954
-2,0.8,-0.635428651
-2,0.9,-0.424847314
-2,1,-1.035472492
-1.9,-3,6.197077644
-1.9,-2.9,6.603501174
-1.9,-2.8,6.623710341
-1.9,-2.7,5.903024905
-1.9,-2.6,5.586890079
-1.9,-2.5,6.083401648
-1.9,-2.4,5.792982918
-1.9,-2.3,5.715625855
-1.9,-2.2,4.809677254
-1.9,-2.1,4.591114167
-1.9,-2,5.053664102
-1.9,-1.9,4.089458203
-1.9,-1.8,4.546481694
-1.9,-1.7,4.061675275
-1.9,-1.6,4.136188707
-1.9,-1.5,3.51177105
-1.9,-1.4,3.510499099
-1.9,-1.3,3.101510183
-1.9,-1.2,3.143489163
-1.9,-1.1,2.912638133
-1.9,-1,3.196486243
-1.9,-0.9,2.178148651
-1.9,-0.8,2.579136859
-1.9,-0.7,2.025679514
-1.9,-0.6,2.407850534
-1.9,-0.5,2.148067122
-1.9,-0.4,1.546469553
-1.9,-0.3,1.134456934
-1.9,-0.2,1.655814613
-1.9,-0.1,0.977003149
-1.9,0,0.924563225
-1.9,0.1,0.420002899
-1.9,0.2,0.358177227
-1.9,0.3,0.060868382
-1.9,0.4,0.395995897
-1.9,0.5,-0.111001822
-1.9,0.6,-0.077611324
-1.9,0.7,-0.595378379
-1.9,0.8,-0.618362259
-1.9,0.9,-0.356950081
-1.9,1,-1.138501339
-1.8,-3,5.81593487
-1.8,-2.9,5.80844349
-1.8,-2.8,5.510997965
-1.8,-2.7,5.456178493
-1.8,-2.6,5.203601525
-1.8,-2.5,5.42226327
-1.8,-2.4,5.662971799
-1.8,-2.3,4.921150851
-1.8,-2.2,4.606274478
-1.8,-2.1,4.608633484
-1.8,-2,4.187446817
-1.8,-1.9,4.592468252
-1.8,-1.8,4.573342154
-1.8,-1.7,3.635382979
-1.8,-1.6,3.48230593
-1.8,-1.5,3.989880943
-1.8,-1.4,3.429227112
-1.8,-1.3,3.462772474
-1.8,-1.2,2.98535132
-1.8,-1.1,2.478278315
-1.8,-1,2.5134941
-1.8,-0.9,2.786206213
-1.8,-0.8,2.817716505
-1.8,-0.7,2.317648035
-1.8,-0.6,1.500034214
-1.8,-0.5,1.67550404
-1.8,-0.4,1.78787432
-1.8,-0.3,1.104093246
-1.8,-0.2,1.247991474
-1.8,-0.1,0.943186033
-1.8,0,1.154389359
-1.8,0.1,1.059416143
-1.8,0.2,0.328145241
-1.8,0.3,0.706406205
-1.8,0.4,-0.308488642
-1.8,0.5,0.301705334
-1.8,0.6,-0.485603886
-1.8,0.7,-0.319307084
-1.8,0.8,-0.899164656
-1.8,0.9,-1.165030239
-1.8,1,-0.977429063
-1.7,-3,6.400771435
-1.7,-2.9,5.755139789
-1.7,-2.8,5.726841757
-1.7,-2.7,5.247043183
-1.7,-2.6,5.455599774
-1.7,-2.5,5.150077521
-1.7,-2.4,4.79405908
-1.7,-2.3,4.985989051
-1.7,-2.2,5.032675382
-1.7,-2.1,4.613841207
-1.7,-2,4.284196789
-1.7,-1.9,4.094390807
-1.7,-1.8,4.278460624
-1.7,-1.7,3.859489567
-1.7,-1.6,3.657768115
-1.7,-1.5,3.393323924
-1.7,-1.4,3.273164207
-1.7,-1.3,3.067864149
-1.7,-1.2,2.521715286
-1.7,-1.1,2.257560071
-1.7,-1,2.170864954
-1.7,-0.9,2.538126062
-1.7,-0.8,2.520770221
-1.7,-0.7,1.830589756
-1.7,-0.6,2.102270271
-1.7,-0.5,1.956742729
-1.7,-0.4,1.068754881
-1.7,-0.3,1.201741738
-1.7,-0.2,1.251976204
-1.7,-0.1,1.270679552
-1.7,0,1.080707613
-1.7,0.1,0.502445761
-1.7,0.2,0.170244742
-1.7,0.3,0.480503273
-1.7,0.4,-0.150780565
-1.7,0.5,-0.423357069
-1.7,0.6,-0.24966136
-1.7,0.7,-0.677091735
-1.7,0.8,-0.818083751
-1.7,0.9,-0.21818989
-1.7,1,-0.660174071
-1.6,-3,5.860061536
-1.6,-2.9,5.792361905
-1.6,-2.8,5.743929296
-1.6,-2.7,5.374296776
-1.6,-2.6,4.523380351
-1.6,-2.5,4.634572124
-1.6,-2.4,4.355814368
-1.6,-2.3,4.625640783
-1.6,-2.2,4.354183693
-1.6,-2.1,4.146573101
-1.6,-2,4.082813368
-1.6,-1.9,4.172646873
-1.6,-1.8,3.846385091
-1.6,-1.7,3.461794707
-1.6,-1.6,2.990131235
-1.6,-1.5,3.464668454
-1.6,-1.4,2.878911167
-1.6,-1.3,2.877557556
-1.6,-1.2,2.441865124
-1.6,-1.1,3.04546466
-1.6,-1,2.560886617
-1.6,-0.9,2.700007894
-1.6,-0.8,1.839477834
-1.6,-0.7,1.606886654
-1.6,-0.6,1.810468032
-1.6,-0.5,1.847286024
-1.6,-0.4,1.840532339
-1.6,-0.3,1.084363636
-1.6,-0.2,1.235962775
-1.6,-0.1,0.638550543
-1.6,0,0.605501959
-1.6,0.1,0.393108366
-1.6,0.2,0.910035282
-1.6,0.3,0.381698767
-1.6,0.4,0.472697724
-1.6,0.5,0.272649842
-1.6,0.6,-0.231130461
-1.6,0.7,0.170737128
-1.6,0.8,-0.024875082
-1.6,0.9,-0.323902681
-1.6,1,-0.312982089
-1.5,-3,4.997385596
-1.5,-2.9,4.930736898
-1.5,-2.8,5.305924344
-1.5,-2.7,5.120378231
-1.5,-2.6,4.625760202
-1.5,-2.5,4.255790986
-1.5,-2.4,4.135875409
-1.5,-2.3,3.95433226
-1.5,-2.2,4.52765447
-1.5,-2.1,4.104899983
-1.5,-2,4.10397317
-1.5,-1.9,3.432896525
-1.5,-1.8,2.99086538
-1.5,-1.7,2.998660183
-1.5,-1.6,3.051333665
-1.5,-1.5,3.105024182
-1.5,-1.4,2.973020979
-1.5,-1.3,2.989473326
-1.5,-1.2,2.553239951
-1.5,-1.1,2.748928446
-1.5,-1,2.415306775
-1.5,-0.9,2.108919288
-1.5,-0.8,1.732548125
-1.5,-0.7,1.755493802
-1.5,-0.6,1.203974991
-1.5,-0.5,1.020917156
-1.5,-0.4,1.382555007
-1.5,-0.3,0.952754926
-1.5,-0.2,0.866539101
-1.5,-0.1,1.140121239
-1.5,0,1.212456359
-1.5,0.1,0.901336655
-1.5,0.2,0.895964629
-1.5,0.3,-0.070049699
-1.5,0.4,-0.25070903
-1.5,0.5,-0.003843364
-1.5,0.6,0.135720672
-1.5,0.7,-0.286838073
-1.5,0.8,-0.858347231
-1.5,0.9,-0.241895256
-1.5,1,-1.218667262
-1.4,-3,4.575266608
-1.4,-2.9,4.532377365
-1.4,-2.8,4.465486607
-1.4,-2.7,4.244888467
-1.4,-2.6,4.086892278
-1.4,-2.5,3.775368921
-1.4,-2.4,4.032534659
-1.4,-2.3,3.876455186
-1.4,-2.2,4.125284013
-1.4,-2.1,3.724506155
-1.4,-2,3.86008831
-1.4,-1.9,2.985244718
-1.4,-1.8,3.023535117
-1.4,-1.7,3.194410991
-1.4,-1.6,2.923410032
-1.4,-1.5,3.284743367
-1.4,-1.4,2.453524111
-1.4,-1.3,2.467040109
-1.4,-1.2,2.642365553
-1.4,-1.1,2.310067438
-1.4,-1,2.268086798
-1.4,-0.9,1.887816068
-1.4,-0.8,1.865131912
-1.4,-0.7,1.908842176
-1.4,-0.6,1.713002687
-1.4,-0.5,1.49251695
-1.4,-0.4,0.952470575
-1.4,-0.3,1.15822638
-1.4,-0.2,0.765424466
-1.4,-0.1,0.519439214
-1.4,0,1.044776599
-1.4,0.1,0.518796345
-1.4,0.2,0.832268014
-1.4,0.3,0.759190026
-1.4,0.4,0.156445068
-1.4,0.5,-0.071508629
-1.4,0.6,-0.475749533
-1.4,0.7,-0.107997831
-1.4,0.8,-0.729665872
-1.4,0.9,-0.267963891
-1.4,1,-0.729561467
-1.3,-3,4.140217509
-1.3,-2.9,4.871350356
-1.3,-2.8,4.746187446
-1.3,-2.7,4.640459732
-1.3,-2.6,3.574404139
-1.3,-2.5,3.679739692
-1.3,-2.4,4.225120649
-1.3,-2.3,3.326632172
-1.3,-2.2,3.859975972
-1.3,-2.1,3.423052243
-1.3,-2,3.701485306
-1.3,-1.9,3.477919005
-1.3,-1.8,2.817115579
-1.3,-1.7,2.481146746
-1.3,-1.6,2.687108828
-1.3,-1.5,2.497790523
-1.3,-1.4,2.477473461
-1.3,-1.3,2.313979668
-1.3,-1.2,1.800008891
-1.3,-1.1,1.825994119
-1.3,-1,1.960149673
-1.3,-0.9,2.261470016
-1.3,-0.8,1.601123557
-1.3,-0.7,1.62182766
-1.3,-0.6,1.666043554
-1.3,-0.5,1.747732324
-1.3,-0.4,0.774256849
-1.3,-0.3,1.030588958
-1.3,-0.2,1.051338533
-1.3,-0.1,0.552227095
-1.3,0,0.427601679
-1.3,0.1,0.435913448
-1.3,0.2,0.267000807
-1.3,0.3,0.581925685
-1.3,0.4,-0.350221209
-1.3,0.5,0.371675446
-1.3,0.6,-0.505140766
-1.3,0.7,-0.519872081
-1.3,0.8,-0.88968854
-1.3,0.9,-0.418831935
-1.3,1,-0.20533654
-1.2,-3,4.351820316
-1.2,-2.9,3.61813499
-1.2,-2.8,4.183828124
-1.2,-2.7,3.709635461
-1.2,-2.6,3.573886496
-1.2,-2.5,4.069858609
-1.2,-2.4,3.585029276
-1.2,-2.3,3.645819868
-1.2,-2.2,3.304909331
-1.2,-2.1,3.46169947
-1.2,-2,3.120321175
-1.2,-1.9,3.369505946
-1.2,-1.8,2.735827473
-1.2,-1.7,2.1755781
-1.2,-1.6,2.094207686
-1.2,-1.5,2.596172919
-1.2,-1.4,2.322026814
-1.2,-1.3,2.556419618
-1.2,-1.2,1.863977615
-1.2,-1.1,1.516970258
-1.2,-1,1.542862691
-1.2,-0.9,1.442642358
-1.2,-0.8,1.388501804
-1.2,-0.7,1.154642638
-1.2,-0.6,0.977667959
-1.2,-0.5,1.374230703
-1.2,-0.4,0.831993232
-1.2,-0.3,0.633280971
-1.2,-0.2,1.196900664
-1.2,-0.1,0.437897465
-1.2,0,0.472302063
-1.2,0.1,-0.012065163
-1.2,0.2,0.206451687
-1.2,0.3,0.05938296
-1.2,0.4,0.449135272
-1.2,0.5,-0.409803449
-1.2,0.6,0.040560879
-1.2,0.7,-0.360116025
-1.2,0.8,-0.326737757
-1.2,0.9,-0.918908954
-1.2,1,-0.283513958
-1.1,-3,3.934189741
-1.1,-2.9,3.382000325
-1.1,-2.8,3.539951198
-1.1,-2.7,3.02492554
-1.1,-2.6,3.791651712
-1.1,-2.5,3.000424239
-1.1,-2.4,2.882157172
-1.1,-2.3,3.309747345
-1.1,-2.2,3.391051819
-1.1,-2.1,2.866129525
-1.1,-2,2.873364256
-1.1,-1.9,2.960622563
-1.1,-1.8,3.000514564
-1.1,-1.7,2.107839819
-1.1,-1.6,2.188871362
-1.1,-1.5,2.383988564
-1.1,-1.4,2.585266733
-1.1,-1.3,2.19672027
-1.1,-1.2,1.594284238
-1.1,-1.1,1.61671276
-1.1,-1,1.352085635
-1.1,-0.9,1.619371291
-1.1,-0.8,1.9208693
-1.1,-0.7,0.84529105
-1.1,-0.6,1.246734735
-1.1,-0.5,1.412171143
-1.1,-0.4,1.283602458
-1.1,-0.3,0.765237178
-1.1,-0.2,0.607655324
-1.1,-0.1,1.045117832
-1.1,0,0.464367798
-1.1,0.1,0.209421567
-1.1,0.2,-0.115197541
-1.1,0.3,-0.239327209
-1.1,0.4,-0.087761031
-1.1,0.5,0.363326215
-1.1,0.6,-0.214753798
-1.1,0.7,-0.614740024
-1.1,0.8,0.035123159
-1.1,0.9,-0.819336661
-1.1,1,-0.403504705
-1,-3,3.136855879
-1,-2.9,3.890640764
-1,-2.8,3.148652306
-1,-2.7,2.876158196
-1,-2.6,3.157562199
-1,-2.5,2.970452284
-1,-2.4,2.508907988
-1,-2.3,2.827982598
-1,-2.2,3.037399424
-1,-2.1,2.211940254
-1,-2,2.682996486
-1,-1.9,2.836481449
-1,-1.8,2.147981961
-1,-1.7,2.098507655
-1,-1.6,2.062332898
-1,-1.5,2.115075434
-1,-1.4,2.396086683
-1,-1.3,2.183606832
-1,-1.2,1.421458869
-1,-1.1,1.777208791
-1,-1,1.833644493
-1,-0.9,1.462483062
-1,-0.8,1.605014368
-1,-0.7,1.11447054
-1,-0.6,1.416890691
-1,-0.5,1.457597189
-1,-0.4,1.346868316
-1,-0.3,1.140517849
-1,-0.2,0.619608141
-1,-0.1,0.835331823
-1,0,0.291539329
-1,0.1,0.837503201
-1,0.2,0.760019878
-1,0.3,0.313960766
-1,0.4,-0.356767949
-1,0.5,0.392776907
-1,0.6,-0.043079274
-1,0.7,-0.53217984
-1,0.8,0.106002402
-1,0.9,-0.026083911
-1,1,-0.421948758
-0.9,-3,3.052774069
-0.9,-2.9,2.742434277
-0.9,-2.8,3.379466644
-0.9,-2.7,2.788924613
-0.9,-2.6,2.779246537
-0.9,-2.5,2.389765194
-0.9,-2.4,2.233746813
-0.9,-2.3,2.29214099
-0.9,-2.2,2.223775027
-0.9,-2.1,1.899047855
-0.9,-2,2.57984641
-0.9,-1.9,1.817323599
-0.9,-1.8,2.358837976
-0.9,-1.7,2.32537449
-0.9,-1.6,1.859340293
-0.9,-1.5,2.257907701
-0.9,-1.4,1.847728409
-0.9,-1.3,1.901002518
-0.9,-1.2,1.366007535
-0.9,-1.1,1.911634764
-0.9,-1,1.465135057
-0.9,-0.9,1.250804661
-0.9,-0.8,1.270421114
-0.9,-0.7,1.438914769
-0.9,-0.6,1.29355757
-0.9,-0.5,0.701957315
-0.9,-0.4,0.727689117
-0.9,-0.3,1.006066791
-0.9,-0.2,0.620544971
-0.9,-0.1,0.433161784
-0.9,0,0.820323461
-0.9,0.1,0.795448025
-0.9,0.2,0.710328958
-0.9,0.3,0.222774237
-0.9,0.4,0.331795693
-0.9,0.5,-0.297661066
-0.9,0.6,-0.329453339
-0.9,0.7,-0.267169098
-0.9,0.8,-0.03391659
-0.9,0.9,0.068166118
-0.9,1,-0.329790156
-0.8,-3,2.62224459
-0.8,-2.9,2.609991066
-0.8,-2.8,3.028052326
-0.8,-2.7,2.287184184
-0.8,-2.6,2.717971177
-0.8,-2.5,2.757352478
-0.8,-2.4,2.012584022
-0.8,-2.3,2.56056388
-0.8,-2.2,1.806581053
-0.8,-2.1,2.253140901
-0.8,-2,1.596164552
-0.8,-1.9,2.101726723
-0.8,-1.8,1.391949661
-0.8,-1.7,1.403071741
-0.8,-1.6,1.711977127
-0.8,-1.5,2.000951408
-0.8,-1.4,1.674656865
-0.8,-1.3,1.642513842
-0.8,-1.2,1.256898152
-0.8,-1.1,0.883638858
-0.8,-1,1.147700015
-0.8,-0.9,1.019606973
-0.8,-0.8,0.845246839
-0.8,-0.7,1.294890746
-0.8,-0.6,0.744904102
-0.8,-0.5,0.444072772
-0.8,-0.4,0.473747109
-0.8,-0.3,0.946961325
-0.8,-0.2,0.223889554
-0.8,-0.1,0.195012569
-0.8,0,-0.097784621
-0.8,0.1,0.031806219
-0.8,0.2,0.115501173
-0.8,0.3,-0.240920462
-0.8,0.4,0.214626083
-0.8,0.5,0.386826179
-0.8,0.6,-0.199526959
-0.8,0.7,0.018726673
-0.8,0.8,-0.597796649
-0.8,0.9,-0.499896145
-0.8,1,-0.787629106
-0.7,-3,1.992218887
-0.7,-2.9,2.383918509
-0.7,-2.8,2.579085384
-0.7,-2.7,2.333116652
-0.7,-2.6,2.089275773
-0.7,-2.5,2.162505139
-0.7,-2.4,2.040235365
-0.7,-2.3,1.904712553
-0.7,-2.2,2.039694293
-0.7,-2.1,1.907410059
-0.7,-2,1.56648053
-0.7,-1.9,1.818318041
-0.7,-1.8,1.724251134
-0.7,-1.7,1.485729982
-0.7,-1.6,1.336566797
-0.7,-1.5,1.794098265
-0.7,-1.4,1.463179712
-0.7,-1.3,1.354726202
-0.7,-1.2,1.534138572
-0.7,-1.1,0.777215952
-0.7,-1,0.815047077
-0.7,-0.9,1.194337864
-0.7,-0.8,0.741386181
-0.7,-0.7,0.908752702
-0.7,-0.6,0.612637366
-0.7,-0.5,1.037303697
-0.7,-0.4,0.971051528
-0.7,-0.3,0.8400453
-0.7,-0.2,0.21016135
-0.7,-0.1,0.208572121
-0.7,0,0.78204128
-0.7,0.1,0.239098628
-0.7,0.2,0.238343052
-0.7,0.3,0.543508287
-0.7,0.4,0.092437982
-0.7,0.5,-0.211180887
-0.7,0.6,0.087797494
-0.7,0.7,-0.229582811
-0.7,0.8,-0.618590085
-0.7,0.9,-0.417338883
-0.7,1,-0.347006632
-0.6,-3,1.844708919
-0.6,-2.9,2.369685683
-0.6,-2.8,2.166480719
-0.6,-2.7,2.17514438
-0.6,-2.6,1.952862294
-0.6,-2.5,1.336584377
-0.6,-2.4,1.279689265
-0.6,-2.3,1.317866446
-0.6,-2.2,1.235018081
-0.6,-2.1,1.677947624
-0.6,-2,1.349650819
-0.6,-1.9,1.808201353
-0.6,-1.8,1.489482068
-0.6,-1.7,1.289024278
-0.6,-1.6,1.618057441
-0.6,-1.5,1.41536194
-0.6,-1.4,1.090613696
-0.6,-1.3,1.117978572
-0.6,-1.2,0.956581162
-0.6,-1.1,1.377441139
-0.6,-1,1.215137574
-0.6,-0.9,0.721964128
-0.6,-0.8,0.842260731
-0.6,-0.7,0.449407275
-0.6,-0.6,0.835472308
-0.6,-0.5,0.341190833
-0.6,-0.4,0.656277252
-0.6,-0.3,0.442360169
-0.6,-0.2,0.417851899
-0.6,-0.1,0.318323528
-0.6,0,0.59385283
-0.6,0.1,0.038915746
-0.6,0.2,-0.311020273
-0.6,0.3,0.550513262
-0.6,0.4,-0.113427694
-0.6,0.5,0.34159786
-0.6,0.6,-0.281349198
-0.6,0.7,-0.300871925
-0.6,0.8,-0.451298446
-0.6,0.9,-0.471482974
-0.6,1,-0.378722236
-0.5,-3,1.561720309
-0.5,-2.9,1.681459993
-0.5,-2.8,1.307308659
-0.5,-2.7,1.172720054
-0.5,-2.6,1.468374561
-0.5,-2.5,1.70206611
-0.5,-2.4,1.654117564
-0.5,-2.3,1.052093148
-0.5,-2.2,1.145662429
-0.5,-2.1,0.96587734
-0.5,-2,1.578806069
-0.5,-1.9,1.23486503
-0.5,-1.8,0.80487412
-0.5,-1.7,0.88419596
-0.5,-1.6,1.075547745
-0.5,-1.5,1.413182697
-0.5,-1.4,0.979742714
-0.5,-1.3,0.765297432
-0.5,-1.2,1.000532795
-0.5,-1.1,0.716672044
-0.5,-1,0.652026764
-0.5,-0.9,0.752626753
-0.5,-0.8,0.329958537
-0.5,-0.7,0.854711934
-0.5,-0.6,0.926803812
-0.5,-0.5,0.81223412
-0.5,-0.4,0.93726657
-0.5,-0.3,0.828200326
-0.5,-0.2,0.196978089
-0.5,-0.1,0.167492341
-0.5,0,-0.134697808
-0.5,0.1,0.540338981
-0.5,0.2,0.198930938
-0.5,0.3,-0.155112119
-0.5,0.4,-0.145259181
-0.5,0.5,-0.267854545
-0.5,0.6,0.235636843
-0.5,0.7,-0.349798485
-0.5,0.8,-0.453432389
-0.5,0.9,-0.543075921
-0.5,1,-0.554613506
-0.4,-3,1.717772104
-0.4,-2.9,1.220418824
-0.4,-2.8,1.597988761
-0.4,-2.7,1.128328373
-0.4,-2.6,1.717976178
-0.4,-2.5,0.742905046
-0.4,-2.4,1.58062114
-0.4,-2.3,1.56379736
-0.4,-2.2,0.604978954
-0.4,-2.1,1.042561472
-0.4,-2,0.66971152
-0.4,-1.9,0.723094552
-0.4,-1.8,1.133820595
-0.4,-1.7,1.086385051
-0.4,-1.6,0.915110871
-0.4,-1.5,1.192407796
-0.4,-1.4,0.379803909
-0.4,-1.3,0.465131301
-0.4,-1.2,1.119015721
-0.4,-1.1,0.54767761
-0.4,-1,0.354870934
-0.4,-0.9,0.617504869
-0.4,-0.8,0.769426547
-0.4,-0.7,0.084666858
-0.4,-0.6,0.440748585
-0.4,-0.5,0.577027225
-0.4,-0.4,0.074730895
-0.4,-0.3,-0.087368968
-0.4,-0.2,0.583859652
-0.4,-0.1,0.255262096
-0.4,0,0.112576395
-0.4,0.1,0.614064485
-0.4,0.2,0.314778126
-0.4,0.3,0.171502436
-0.4,0.4,0.222421606
-0.4,0.5,0.293989762
-0.4,0.6,0.109864009
-0.4,0.7,-0.27763675
-0.4,0.8,0.360110633
-0.4,0.9,0.178854204
-0.4,1,0.107401642
-0.3,-3,1.542421622
-0.3,-2.9,1.45988715
-0.3,-2.8,1.368096146
-0.3,-2.7,0.639536839
-0.3,-2.6,1.194071086
-0.3,-2.5,0.537530311
-0.3,-2.4,0.701750102
-0.3,-2.3,0.377187819
-0.3,-2.2,1.233246541
-0.3,-2.1,1.081896447
-0.3,-2,0.615618622
-0.3,-1.9,1.073488635
-0.3,-1.8,0.748870165
-0.3,-1.7,0.714743397
-0.3,-1.6,0.454135196
-0.3,-1.5,0.763335477
-0.3,-1.4,1.005126389
-0.3,-1.3,0.065628601
-0.3,-1.2,0.30969756
-0.3,-1.1,0.763231937
-0.3,-1,0.779933111
-0.3,-0.9,0.331126445
-0.3,-0.8,0.596171361
-0.3,-0.7,0.764049732
-0.3,-0.6,0.478320287
-0.3,-0.5,0.561743734
-0.3,-0.4,-0.012123728
-0.3,-0.3,0.613513137
-0.3,-0.2,0.427015157
-0.3,-0.1,0.580825427
-0.3,0,0.039903735
-0.3,0.1,-0.293774376
-0.3,0.2,0.062570104
-0.3,0.3,0.34416715
-0.3,0.4,0.50543472
-0.3,0.5,0.273321974
-0.3,0.6,0.347016846
-0.3,0.7,-0.160504517
-0.3,0.8,-0.398222449
-0.3,0.9,0.210349802
-0.3,1,-0.18871311
-0.2,-3,0.559115905
-0.2,-2.9,0.589895556
-0.2,-2.8,0.477047779
-0.2,-2.7,1.048980506
-0.2,-2.6,0.741796837
-0.2,-2.5,0.989313836
-0.2,-2.4,0.081474382
-0.2,-2.3,0.069920153
-0.2,-2.2,0.056464478
-0.2,-2.1,0.774858728
-0.2,-2,0.409642847
-0.2,-1.9,0.874360154
-0.2,-1.8,0.080897647
-0.2,-1.7,0.391831418
-0.2,-1.6,0.752734444
-0.2,-1.5,0.495528677
-0.2,-1.4,0.462390438
-0.2,-1.3,-0.093124255
-0.2,-1.2,0.214244
-0.2,-1.1,0.71317458
-0.2,-1,0.417330685
-0.2,-0.9,0.552240055
-0.2,-0.8,0.142293223
-0.2,-0.7,0.433818532
-0.2,-0.6,0.555505853
-0.2,-0.5,0.248075186
-0.2,-0.4,0.27027127
-0.2,-0.3,-0.216171086
-0.2,-0.2,0.548803782
-0.2,-0.1,-0.33810221
-0.2,0,0.211349828
-0.2,0.1,0.271502259
-0.2,0.2,-0.132709336
-0.2,0.3,-0.125382026
-0.2,0.4,0.050284712
-0.2,0.5,0.099680121
-0.2,0.6,0.179306825
-0.2,0.7,-0.078352941
-0.2,0.8,-0.055489082
-0.2,0.9,-0.56031695
-0.2,1,-0.303960865
-0.1,-3,0.291170027
-0.1,-2.9,0.380985638
-0.1,-2.8,0.048228897
-0.1,-2.7,0.399624343
-0.1,-2.6,0.425632158
-0.1,-2.5,0.542564466
-0.1,-2.4,0.115380428
-0.1,-2.3,0.012976543
-0.1,-2.2,-0.210668383
-0.1,-2.1,0.623537334
-0.1,-2,0.582327974
-0.1,-1.9,0.684525591
-0.1,-1.8,0.376063401
-0.1,-1.7,0.263918673
-0.1,-1.6,0.203684719
-0.1,-1.5,0.001191814
-0.1,-1.4,0.057107721
-0.1,-1.3,0.114559548
-0.1,-1.2,-0.087861927
-0.1,-1.1,0.609735305
-0.1,-1,0.129114539
-0.1,-0.9,0.346836138
-0.1,-0.8,0.134081807
-0.1,-0.7,0.333406389
-0.1,-0.6,-0.087915995
-0.1,-0.5,-0.233993059
-0.1,-0.4,0.011438819
-0.1,-0.3,-0.294040824
-0.1,-0.2,-0.266919458
-0.1,-0.1,-0.251661364
-0.1,0,-0.365495041
-0.1,0.1,-0.100952108
-0.1,0.2,-0.229625523
-0.1,0.3,0.47428438
-0.1,0.4,0.306798715
-0.1,0.5,0.325403583
-0.1,0.6,-0.13531379
-0.1,0.7,-0.324914556
-0.1,0.8,0.239513604
-0.1,0.9,-0.092517457
-0.1,1,-0.086969499
0,-3,-0.457716644
0,-2.9,-0.142661631
0,-2.8,0.447837955
0,-2.7,-0.189362409
0,-2.6,-0.024214439
0,-2.5,-0.478792156
0,-2.4,-0.070521858
0,-2.3,0.329736551
0,-2.2,0.008410578
0,-2.1,-0.442387458
0,-2,-0.103167564
0,-1.9,-0.479854104
0,-1.8,0.282021946
0,-1.7,0.122900658
0,-1.6,-0.46247947
0,-1.5,0.121585802
0,-1.4,0.240543613
0,-1.3,0.493485282
0,-1.2,0.048410862
0,-1.1,-0.498728546
0,-1,0.317180632
0,-0.9,0.261541537
0,-0.8,-0.063075261
0,-0.7,0.214342933
0,-0.6,0.479543276
0,-0.5,0.054345547
0,-0.4,-0.106798402
0,-0.3,0.281323492
0,-0.2,-0.153689925
0,-0.1,-0.105720742
0,0,0.48130397
0,0.1,-0.409810711
0,0.2,-0.132895735
0,0.3,-0.377331109
0,0.4,0.367576645
0,0.5,0.025239737
0,0.6,0.328176856
0,0.7,-0.296381567
0,0.8,-0.396516523
0,0.9,-0.118691195
0,1,0.056299379
0.1,-3,-0.014445618
0.1,-2.9,-0.623993492
0.1,-2.8,-0.080438879
0.1,-2.7,-0.223528451
0.1,-2.6,-0.609396255
0.1,-2.5,-0.289435714
0.1,-2.4,-0.445135558
0.1,-2.3,-0.275047334
0.1,-2.2,0.160287326
0.1,-2.1,-0.274241403
0.1,-2,0.155841384
0.1,-1.9,-0.015875916
0.1,-1.8,0.181742861
0.1,-1.7,0.276261042
0.1,-1.6,0.168183289
0.1,-1.5,-0.417286322
0.1,-1.4,0.099759153
0.1,-1.3,-0.398267763
0.1,-1.2,0.066254126
0.1,-1.1,0.068434995
0.1,-1,-0.176237798
0.1,-0.9,-0.328139389
0.1,-0.8,0.004871669
0.1,-0.7,-0.038819047
0.1,-0.6,-0.517135435
0.1,-0.5,-0.084818814
0.1,-0.4,0.182536349
0.1,-0.3,0.002658212
0.1,-0.2,0.239031205
0.1,-0.1,-0.298589725
0.1,0,-0.258997573
0.1,0.1,0.055356602
0.1,0.2,0.374113371
0.1,0.3,-0.135772248
0.1,0.4,0.212474056
0.1,0.5,-0.436239284
0.1,0.6,0.07575927
0.1,0.7,-0.402668053
0.1,0.8,-0.264445566
0.1,0.9,-0.360619023
0.1,1,0.331243122
0.2,-3,-0.337524792
0.2,-2.9,-0.278164654
0.2,-2.8,-0.896329442
0.2,-2.7,-0.411309725
0.2,-2.6,-0.966104729
0.2,-2.5,-0.754460825
0.2,-2.4,-0.503196976
0.2,-2.3,-0.31993974
0.2,-2.2,-0.543754119
0.2,-2.1,-0.799411671
0.2,-2,-0.323173041
0.2,-1.9,-0.323114537
0.2,-1.8,-0.906560816
0.2,-1.7,-0.334352491
0.2,-1.6,-0.340652529
0.2,-1.5,-0.653371382
0.2,-1.4,-0.688596845
0.2,-1.3,0.010626456
0.2,-1.2,-0.285423263
0.2,-1.1,-0.216808927
0.2,-1,-0.154079114
0.2,-0.9,-0.774984418
0.2,-0.8,-0.074651398
0.2,-0.7,-0.318686281
0.2,-0.6,-0.680125048
0.2,-0.5,0.189002739
0.2,-0.4,-0.656154994
0.2,-0.3,-0.603593873
0.2,-0.2,0.116499899
0.2,-0.1,0.041068524
0.2,0,0.283258048
0.2,0.1,-0.472444309
0.2,0.2,0.2242462
0.2,0.3,-0.456637881
0.2,0.4,0.231056476
0.2,0.5,0.353408223
0.2,0.6,0.457264669
0.2,0.7,0.011124051
0.2,0.8,0.555121304
0.2,0.9,0.195394411
0.2,1,-0.123782273
0.3,-3,-1.043323258
0.3,-2.9,-0.55323782
0.3,-2.8,-1.078496114
0.3,-2.7,-1.318303836
0.3,-2.6,-0.9717024
0.3,-2.5,-0.973033543
0.3,-2.4,-0.503335326
0.3,-2.3,-0.704349064
0.3,-2.2,-1.052350767
0.3,-2.1,-1.151911717
0.3,-2,-0.988064271
0.3,-1.9,-1.219582008
0.3,-1.8,-0.419643564
0.3,-1.7,-0.967239905
0.3,-1.6,-0.430576351
0.3,-1.5,-1.051736991
0.3,-1.4,-0.198832211
0.3,-1.3,-0.086152804
0.3,-1.2,-0.743332035
0.3,-1.1,-0.840279081
0.3,-1,-0.849448175
0.3,-0.9,-0.12108462
0.3,-0.8,-0.336691439
0.3,-0.7,0.020898281
0.3,-0.6,-0.389416976
0.3,-0.5,0.044399388
0.3,-0.4,-0.511334693
0.3,-0.3,-0.652400295
0.3,-0.2,-0.667764303
0.3,-0.1,-0.470335923
0.3,0,0.281241365
0.3,0.1,-0.217622487
0.3,0.2,-0.42837604
0.3,0.3,-0.218993042
0.3,0.4,-0.415985878
0.3,0.5,0.400777329
0.3,0.6,-0.167813804
0.3,0.7,0.463172529
0.3,0.8,0.179700396
0.3,0.9,-0.12712709
0.3,1,0.237835011
0.4,-3,-1.026174063
0.4,-2.9,-1.799916637
0.4,-2.8,-1.258280999
0.4,-2.7,-1.215472369
0.4,-2.6,-1.253909946
0.4,-2.5,-0.883928996
0.4,-2.4,-0.729632578
0.4,-2.3,-1.179705162
0.4,-2.2,-1.374855883
0.4,-2.1,-0.895834303
0.4,-2,-1.149201485
0.4,-1.9,-1.247599506
0.4,-1.8,-1.169755124
0.4,-1.7,-0.839988464
0.4,-1.6,-1.087302866
0.4,-1.5,-0.54184691
0.4,-1.4,-1.110517101
0.4,-1.3,-0.679089194
0.4,-1.2,-0.420138268
0.4,-1.1,-0.504701578
0.4,-1,-0.581030525
0.4,-0.9,-0.622717933
0.4,-0.8,-0.959023301
0.4,-0.7,-0.530456366
0.4,-0.6,-0.023999239
0.4,-0.5,-0.557438392
0.4,-0.4,-0.088067046
0.4,-0.3,-0.610363467
0.4,-0.2,-0.60838382
0.4,-0.1,-0.371188498
0.4,0,-0.138557059
0.4,0.1,-0.016790754
0.4,0.2,-0.581189007
0.4,0.3,-0.119992571
0.4,0.4,-0.487277355
0.4,0.5,0.287665268
0.4,0.6,0.503349055
0.4,0.7,0.201671126
0.4,0.8,-0.329030974
0.4,0.9,0.420788134
0.4,1,0.216601779
0.5,-3,-1.372334963
0.5,-2.9,-1.334715878
0.5,-2.8,-1.550152634
0.5,-2.7,-1.639160746
0.5,-2.6,-1.887578671
0.5,-2.5,-1.687330337
0.5,-2.4,-0.994911821
0.5,-2.3,-1.266180492
0.5,-2.2,-0.984303693
0.5,-2.1,-1.656070008
0.5,-2,-1.228571265
0.5,-1.9,-0.797873494
0.5,-1.8,-1.177614248
0.5,-1.7,-1.240353807
0.5,-1.6,-0.732602071
0.5,-1.5,-0.861183225
0.5,-1.4,-0.891905835
0.5,-1.3,-1.275901246
0.5,-1.2,-0.533864474
0.5,-1.1,-0.498855559
0.5,-1,-0.920873537
0.5,-0.9,-0.397144435
0.5,-0.8,-1.111863578
0.5,-0.7,-0.112442168
0.5,-0.6,-0.490903619
0.5,-0.5,-0.794866461
0.5,-0.4,-0.933861265
0.5,-0.3,-0.672852751
0.5,-0.2,-0.653153996
0.5,-0.1,-0.771438593
0.5,0,-0.342311266
0.5,0.1,-0.411414063
0.5,0.2,0.328146568
0.5,0.3,-0.342782049
0.5,0.4,-0.032434375
0.5,0.5,0.292463329
0.5,0.6,-0.293144019
0.5,0.7,0.592925179
0.5,0.8,0.562560322
0.5,0.9,0.196287633
0.5,1,0.618570198
0.6,-3,-1.738511585
0.6,-2.9,-1.592834469
0.6,-2.8,-2.184184579
0.6,-2.7,-1.742758811
0.6,-2.6,-1.382072981
0.6,-2.5,-2.12979849
0.6,-2.4,-1.691425149
0.6,-2.3,-1.936380989
0.6,-2.2,-1.94521171
0.6,-2.1,-1.526805747
0.6,-2,-1.070187179
0.6,-1.9,-1.659321514
0.6,-1.8,-1.538676531
0.6,-1.7,-0.964509494
0.6,-1.6,-1.56770464
0.6,-1.5,-1.387486008
0.6,-1.4,-1.140826735
0.6,-1.3,-1.268066059
0.6,-1.2,-0.953852634
0.6,-1.1,-0.593273844
0.6,-1,-1.122706471
0.6,-0.9,-0.919948124
0.6,-0.8,-0.600124271
0.6,-0.7,-1.189475039
0.6,-0.6,-0.549713567
0.6,-0.5,-0.703294007
0.6,-0.4,-0.40048492
0.6,-0.3,-0.149222199
0.6,-0.2,-0.65657148
0.6,-0.1,-0.601338077
0.6,0,-0.762806878
0.6,0.1,-0.014651874
0.6,0.2,-0.35175761
0.6,0.3,-0.400550011
0.6,0.4,-0.309851972
0.6,0.5,0.36825195
0.6,0.6,-0.149153422
0.6,0.7,-0.059918006
0.6,0.8,-0.179074384
0.6,0.9,0.648819153
0.6,1,0.085768263
0.7,-3,-2.850138344
0.7,-2.9,-2.683635159
0.7,-2.8,-2.260065927
0.7,-2.7,-2.557561468
0.7,-2.6,-1.739266034
0.7,-2.5,-1.665305239
0.7,-2.4,-2.447078188
0.7,-2.3,-2.128727084
0.7,-2.2,-1.647973447
0.7,-2.1,-1.823207617
0.7,-2,-1.62818534
0.7,-1.9,-1.957305091
0.7,-1.8,-1.517158747
0.7,-1.7,-1.330082407
0.7,-1.6,-0.992555781
0.7,-1.5,-1.237122507
0.7,-1.4,-1.827992125
0.7,-1.3,-0.799322412
0.7,-1.2,-0.885878273
0.7,-1.1,-0.735227009
0.7,-1,-1.195202783
0.7,-0.9,-0.973082089
0.7,-0.8,-1.140519887
0.7,-0.7,-1.184055622
0.7,-0.6,-0.568626545
0.7,-0.5,-1.134986597
0.7,-0.4,-0.979148103
0.7,-0.3,-0.831509309
0.7,-0.2,-0.938154904
0.7,-0.1,-0.403471924
0.7,0,-0.223285265
0.7,0.1,-0.23949171
0.7,0.2,-0.666792293
0.7,0.3,0.2061879
0.7,0.4,-0.230281846
0.7,0.5,-0.093837265
0.7,0.6,-0.366812128
0.7,0.7,0.311149497
0.7,0.8,0.18959646
0.7,0.9,0.74057575
0.7,1,0.578589051
0.8,-3,-3.153209351
0.8,-2.9,-2.687346989
0.8,-2.8,-2.205360545
0.8,-2.7,-2.373420007
0.8,-2.6,-2.434425109
0.8,-2.5,-2.666560294
0.8,-2.4,-2.363003017
0.8,-2.3,-2.368216063
0.8,-2.2,-2.007989442
0.8,-2.1,-1.759023074
0.8,-2,-2.347488337
0.8,-1.9,-1.527475367
0.8,-1.8,-2.051026642
0.8,-1.7,-1.461037974
0.8,-1.6,-1.354977126
0.8,-1.5,-1.351338189
0.8,-1.4,-1.475822707
0.8,-1.3,-1.819954835
0.8,-1.2,-0.977022236
0.8,-1.1,-1.776473896
0.8,-1,-0.821119886
0.8,-0.9,-1.56063225
0.8,-0.8,-0.636743137
0.8,-0.7,-0.62545393
0.8,-0.6,-1.26816754
0.8,-0.5,-0.640371669
0.8,-0.4,-1.159937674
0.8,-0.3,-0.648031764
0.8,-0.2,-1.054601059
0.8,-0.1,-0.6454317
0.8,0,-0.617148727
0.8,0.1,-0.153610609
0.8,0.2,-0.16227912
0.8,0.3,-0.165274798
0.8,0.4,-0.00046704
0.8,0.5,-0.418988496
0.8,0.6,-0.277967253
0.8,0.7,-0.114089154
0.8,0.8,-0.22690535
0.8,0.9,0.047732294
0.8,1,0.363559627
0.9,-3,-3.434807372
0.9,-2.9,-2.759929439
0.9,-2.8,-2.919013069
0.9,-2.7,-2.405021056
0.9,-2.6,-3.019989751
0.9,-2.5,-3.021896347
0.9,-2.4,-2.39069258
0.9,-2.3,-2.911598352
0.9,-2.2,-2.863191078
0.9,-2.1,-2.462150613
0.9,-2,-2.249596057
0.9,-1.9,-1.978606543
0.9,-1.8,-1.827034492
0.9,-1.7,-2.263366756
0.9,-1.6,-2.229931781
0.9,-1.5,-2.068359343
0.9,-1.4,-1.607903512
0.9,-1.3,-1.443401688
0.9,-1.2,-1.77522678
0.9,-1.1,-0.993764095
0.9,-1,-1.298563962
0.9,-0.9,-1.272889098
0.9,-0.8,-1.626675807
0.9,-0.7,-1.382021082
0.9,-0.6,-1.237928845
0.9,-0.5,-1.376383321
0.9,-0.4,-1.233369719
0.9,-0.3,-0.705564134
0.9,-0.2,-0.822812088
0.9,-0.1,-0.264947502
0.9,0,-0.898444248
0.9,0.1,-0.25597645
0.9,0.2,-0.029385929
0.9,0.3,-0.316812414
0.9,0.4,-0.24514351
0.9,0.5,-0.10464093
0.9,0.6,-0.176731259
0.9,0.7,0.084865581
0.9,0.8,0.435852573
0.9,0.9,0.522452936
0.9,1,0.769875338
1,-3,-3.733130131
1,-2.9,-3.479572881
1,-2.8,-3.516360657
1,-2.7,-3.382879841
1,-2.6,-3.573228197
1,-2.5,-2.578009155
1,-2.4,-3.088858871
1,-2.3,-2.776542758
1,-2.2,-2.580520698
1,-2.1,-2.618243188
1,-2,-2.073962928
1,-1.9,-2.895438939
1,-1.8,-2.430274343
1,-1.7,-1.980379652
1,-1.6,-2.49545369
1,-1.5,-1.94962324
1,-1.4,-2.212103954
1,-1.3,-1.372918228
1,-1.2,-1.635220379
1,-1.1,-1.463803061
1,-1,-1.751368767
1,-0.9,-1.629764625
1,-0.8,-1.464011079
1,-0.7,-0.740969398
1,-0.6,-1.155787459
1,-0.5,-0.617752943
1,-0.4,-0.410622463
1,-0.3,-0.549547447
1,-0.2,-0.996038903
1,-0.1,-0.543527
1,0,-0.552779651
1,0.1,-0.563181646
1,0.2,-0.154356971
1,0.3,0.105797047
1,0.4,-0.265792379
1,0.5,0.367719622
1,0.6,-0.240409819
1,0.7,0.557372373
1,0.8,0.509202342
1,0.9,0.398103921
1,1,0.187261236
